{
    "$schema": "https://schema.management.azure.com/schemas/2015-01-01/deploymentTemplate.json#",
    "contentVersion": "1.0.0.0",
    "parameters": {
        "webAppName": {
            "type": "string",
            "metadata": {
                "description": "Base name of the resource such as web app name and app service plan"
            },
            "minLength": 2
        },
        "sku": {
            "type": "string",
            "defaultValue": "S1",
            "metadata": {
                "description": "The SKU of App Service Plan, by default is Standard S1"
            }
        },
        "location": {
            "type": "string",
            "defaultValue": "[resourceGroup().location]",
            "metadata": {
                "description": "Location for all resources"
            }
        },
        "vnetName": {
            "type": "string",
            "metadata": {
                "description": "Vnet Name that contains the subnet to allow for access"
            }
        },
        "subnetRef": {
          "type": "string",
            "metadata": {
                "description": "Resource ID of the delegated subnet"
            }
        }
    },
    "variables": {
        "webAppPortalName": "[concat(parameters('webAppName'), '-webapp')]",
        "appServicePlanName": "[concat('AppServicePlan-', parameters('webAppName'))]"
    },
    "resources": [
        {
            "apiVersion": "2018-02-01",
            "type": "Microsoft.Web/serverfarms",
            "kind": "app",
            "name": "[variables('appServicePlanName')]",
            "location": "[parameters('location')]",
            "properties": {},
            "dependsOn": [],
            "sku": {
                "name": "[parameters('sku')]"
            }
        },
        {
            "apiVersion": "2018-11-01",
            "type": "Microsoft.Web/sites",
            "kind": "app",
            "name": "[variables('webAppPortalName')]",
            "location": "[parameters('location')]",
            "properties": {
                "serverFarmId": "[resourceId('Microsoft.Web/serverfarms', variables('appServicePlanName'))]"
            },
            "dependsOn": [
                "[resourceId('Microsoft.Web/serverfarms', variables('appServicePlanName'))]"
            ],
            "resources": [
                {
                    "apiVersion": "2018-02-01",
                    "type": "config",
                    "name": "virtualNetwork",
                    "location": "[parameters('location')]",
                    "dependsOn": [
                        "[concat('Microsoft.Web/sites/', variables('webAppPortalName'))]"
                    ],
                    "properties": {
                        "subnetResourceId": "[parameters('subnetRef')]",
                        "swiftSupported": true
                    }
                }
            ]
        }
    ]
}